"app_id","user_id"
0oa28696zkAbakJXH1d7,00u286dnz1Mv4IUhu1d7
0oa281qsfglx7o5ai1d7,00u285jwum2kXvzW41d7
0oa28696zkAbakJXH1d7,00u285jwum2kXvzW41d7
0oa283t56nMlnL3tp1d7,00u2cex47kbfOd36e1d7
0oa281whwdm6m87GR1d7,00u2c7tft0dkh2wcm1d7
0oa2c7ncvrweNotLB1d7,00u2c7tft0dkh2wcm1d7
0oa28696zkAbakJXH1d7,00u2893rdxvCyeWfe1d7
0oa28696zkAbakJXH1d7,00u288oyccZ5YypRn1d7
0oa28696zkAbakJXH1d7,00u288zwohQOWYrQr1d7
0oa28696zkAbakJXH1d7,00u286hqb1nK5wFU71d7
0oa28696zkAbakJXH1d7,00u281n4vizRFqjkt1d7
0oa28696zkAbakJXH1d7,00u28939b98VqG5uk1d7
0oa28696zkAbakJXH1d7,00u288xe24X1PVyTq1d7
0oa28696zkAbakJXH1d7,00u288uiiwEnzmOo71d7
0oa28696zkAbakJXH1d7,00u2893p5p9wnO0iv1d7
0oa28696zkAbakJXH1d7,00u2890nw95AxcN2M1d7
0oa28696zkAbakJXH1d7,00u2869ujz0SyojpQ1d7
0oa281whwdm6m87GR1d7,00u285jwum2kXvzW41d7
0oa283t56nMlnL3tp1d7,00u281n4vizRFqjkt1d7
0oa283t56nMlnL3tp1d7,00u281qsirgt62QZV1d7
0oa281whwdm6m87GR1d7,00u281n4vizRFqjkt1d7
0oa281zhxweyak1iW1d7,00u281qsirgt62QZV1d7
0oa281zhwvVZUwG6r1d7,00u281qsirgt62QZV1d7
0oa281qsfglx7o5ai1d7,00u281qsirgt62QZV1d7
